{
    "nexus": "https://nexus-dock.github.io/",
    "author": {
      "handle":"Anonymous",
      "url":"https://website.zyx",
      "about":""
    },
    "threads": [
      {
        "id": "Nexus-I",
        "title": "Nexus I",
        "description": "...",
        "content": {
          "timestamp": "2021-12-01T12:00",
          "main": "...",
          "aside": "",
          "media": {
            "url": "",
            "type": "",
            "caption": ""
          }
        },
        "linked": [
          { "url": "",
            "id": ""}
        ]
      }
    ]
  }